<?xml version="1.0" encoding="UTF-8"?>
<!DOCTYPE mapper PUBLIC "-//mybatis.org//DTD Mapper 3.0//EN" "http://mybatis.org/dtd/mybatis-3-mapper.dtd" >
<mapper namespace="member">
   
   <resultMap id="memberResultSet" type="member">
      <id column="USER_NO" property="userNo"/>
      <result column="USER_ID" property='userId'/>
      <result column="USER_PWD" property="userPwd"/>
      <result column="USER_NAME" property="userName"/>
      <result column="USER_NICK" property="userNick"/>
      <result column="USER_PHONE" property="userPhone"/>
      <result column="USER_EMAIL" property="userEmail"/>
      <result column="USER_MBTI" property="userMbti"/>
      <result column="ENROLL_DATE" property="enrollDate"/>
      <result column="USER_BIRTHDAY" property="userBirthday"/>
      <result column="ENABLE" property="enable"/>
      <result column='WB_STATUS' property="wbStatus"/>
      <result column="STATUS" property="status"/>
   </resultMap> 

    <select id="selectOne" parameterType="String" resultMap="memberResultSet">
      SELECT *
      FROM MEMBER
      WHERE USER_ID = #{userId} AND STATUS = 'Y'
   </select>
   
   <select id="loginUser" parameterType="member" resultMap="memberResultSet">
      SELECT *
      FROM MEMBER
      WHERE USER_ID= #{userId} AND USER_PWD = #{userPwd} AND STATUS = 'Y'      
   </select>
   
   <select id="idCheck" parameterType="string" resultType="int">
      SELECT COUNT(*)
      FROM MEMBER
      WHERE USER_ID= #{userId}
   </select>
   
   <insert id="insertMember" parameterType="member">
      INSERT INTO MEMBER VALUES(
         SEQ_MEMBER_NO.NEXTVAL,
         #{userId},
         #{userPwd},
         #{userName},
         #{userNick},
         #{userPhone},
         #{userEmail},
         #{userMbti},
         SYSDATE,
         #{userBirthday},
         DEFAULT,
         DEFAULT,
         DEFAULT
      )
   </insert>   
</mapper>